{
  "n_clusters": 4,
  "cluster_counts": {
    "0": 1110,
    "1": 3350,
    "2": 2049,
    "3": 466
  },
  "cluster_percentages": {
    "0": 15.913978494623656,
    "1": 48.028673835125446,
    "2": 29.376344086021504,
    "3": 6.681003584229391
  },
  "uncertainty_stats": {
    "mean_entropy": -1.442691677682253e-10,
    "std_entropy": 2.88642101782629e-14,
    "max_entropy": -1.4185876993789137e-10,
    "high_uncertainty_pct": 0.07168458781362007
  },
  "transition_matrix": [
    [
      0.15225225225225225,
      0.5018018018018018,
      0.2801801801801802,
      0.06576576576576576
    ],
    [
      0.16059701492537312,
      0.4602985074626866,
      0.3080597014925373,
      0.07104477611940299
    ],
    [
      0.1576378721327477,
      0.4978038067349927,
      0.2850170815031723,
      0.05954123962908736
    ],
    [
      0.17204301075268819,
      0.4946236559139785,
      0.2623655913978495,
      0.07096774193548387
    ]
  ]
}